{"easy": [[[1376.0, 1440.0, 105.00732424319892], [1345.3255981534146, 1438.2095009471652, 228.05568792448491]], [[800.0, 256.0, 195.3918457486182], [609.4800324639679, 229.28767417964096, 52.489827947621805]], [[960.0, 480.0, 160.86730960776734], [938.4767198171525, 494.4963664316699, 163.60736189141497]], [[1184.0, 1088.0, 104.49645998526748], [1077.5266279224063, 1063.2097072282656, 14.901950461693527]], [[1376.0, 1440.0, 309.17724616573594], [1425.8713692212193, 1455.3515179938008, 238.23548627644485]], [[960.0, 480.0, 227.43347173264098], [1154.3945862425358, 473.64196032153455, 121.76181291660039]], [[1120.0, 224.0, 279.03625494778066], [1100.8888326705746, 82.13599139607027, 107.88325496506287]], [[1376.0, 288.0, 172.084350626004], [1426.0685285292607, 311.1221572296423, 229.49068763636927]], [[800.0, 256.0, 175.02319340012576], [941.0787927645309, 234.4841856420957, 2.081993346263449]], [[288.0, 864.0, 226.18103032609937], [290.2088990138636, 876.0532742416055, 82.44084006228273]], [[864.0, 1472.0, 201.3793945781373], [825.8918208168488, 1396.5478620354756, 13.063109815985712]], [[224.0, 608.0, 217.04589848803494], [197.4496000261305, 717.9486753622471, 353.8729419285419]], [[1376.0, 1440.0, 273.2519531886214], [1265.1536941980205, 1320.4303533468665, 186.65528367041526]], [[768.0, 832.0, 272.7520752588175], [744.3310506154511, 786.411479058359, 204.15279420216967]], [[768.0, 832.0, 46.680908213993746], [619.4655258908474, 888.6321499252987, 322.7085690066398]], [[832.0, 1696.0, 21.445312504993126], [829.9383603757547, 1734.8256252857022, 319.1269255226366]], [[960.0, 480.0, 314.121093823137], [1025.147341762915, 552.150055849686, 109.85696065414614]], [[832.0, 1696.0, 76.20666505680575], [844.1995201502017, 1697.8519675322302, 98.90074120546352]], [[864.0, 1472.0, 341.4001465638634], [783.1351512298784, 1473.5981283520118, 275.04456060450417]], [[960.0, 480.0, 49.81201173034776], [914.8953570824737, 392.1796871228134, 46.5543010817462]]], "medium": [[[576.0, 96.0, 198.66577153063048], [497.85969972419525, 399.2632288589565, 191.38372430919546]], [[800.0, 256.0, 0.8294677736306255], [975.6979035103882, 86.81533553096764, 0.02470058845816414]], [[1376.0, 1440.0, 234.67346196870167], [1661.2130063971642, 1453.6841375407032, 146.10735722793473]], [[960.0, 480.0, 66.93420411714683], [735.1746841499455, 383.87725890658885, 109.42974617892567]], [[1376.0, 288.0, 33.634643562518676], [1215.7575450819304, 19.59892567985247, 42.68100703008143]], [[416.0, 1184.0, 30.992431647840988], [214.85532316685217, 1283.9772047841182, 331.85464170520225]], [[416.0, 1184.0, 87.39074709065974], [446.08871994711774, 862.6399981250752, 22.787334110613898]], [[1120.0, 224.0, 54.4262695439221], [859.267259050051, 146.8462349748758, 95.88647630431558]], [[1184.0, 1088.0, 267.7642822889062], [1093.1588526447415, 905.1072511524145, 240.53604199755117]], [[1376.0, 288.0, 247.6263428310925], [1113.143997200384, 339.0414929743446, 0.06996713103566865]], [[1600.0, 928.0, 290.4235840519945], [1647.4682071322802, 673.1443549264893, 324.98967775809336]], [[288.0, 864.0, 194.6118164515616], [249.49963053827386, 582.0193858639095, 266.1619857026559]], [[288.0, 288.0, 47.13134766722362], [95.99800209703773, 91.93597118642259, 147.53221290016126]], [[928.0, 1152.0, 243.0560303300284], [914.8698550418026, 1497.861800158846, 258.07693858372227]], [[1184.0, 1088.0, 189.68994145041563], [1164.6786551111356, 878.3005266251644, 269.36316145338424]], [[768.0, 832.0, 149.99633792554874], [1042.7797433957137, 834.3922267088196, 123.84766899207006]], [[960.0, 480.0, 219.07287602756938], [817.3920287346868, 275.6984180840002, 298.7949279973882]], [[928.0, 1152.0, 321.3171387466875], [595.1310106866385, 1241.7512934848764, 331.85531306108703]], [[768.0, 832.0, 279.8822022136027], [726.6264386929295, 1136.3313154574316, 263.66542317790345]], [[416.0, 1184.0, 182.96630863635016], [575.4871278876376, 1384.6195846333276, 53.095712713386945]]], "hard": [[[800.0, 256.0, 296.8286133503608], [653.1807588469485, 639.7962605350203, 184.40410630490874]], [[288.0, 864.0, 261.8316651000249], [765.3121119292637, 505.4572113173641, 34.428757490859766]], [[1376.0, 1440.0, 291.24755866156136], [1178.9359572970525, 1840.3783811342278, 135.8993041929303]], [[128.0, 1600.0, 139.48242190747578], [584.7410247260061, 1658.0325144676644, 190.1648299086046]], [[224.0, 608.0, 67.25280763284601], [665.1817617116504, 578.6429471490869, 279.9360481414268]], [[1600.0, 928.0, 116.87805178502529], [1068.5133909193514, 822.3602980581663, 205.75238274800338]], [[1120.0, 224.0, 121.64062502832167], [1624.3205060319156, 256.2147341003941, 118.78594720446124]], [[864.0, 1472.0, 297.6306153036725], [486.40573219275257, 1164.5449167810561, 68.79050856223714]], [[800.0, 256.0, 135.86242678944544], [1063.6013258410642, 658.7981621866769, 202.06862815825443]], [[1728.0, 1760.0, 95.30090334250147], [1173.0171816788993, 1562.3882015338497, 102.10770481241205]], [[128.0, 1600.0, 114.93347170644753], [506.33379507091826, 1275.9588922970133, 143.3741228892188]], [[1600.0, 928.0, 164.54772953049925], [1490.7763530138332, 425.6266035228199, 182.2829804127684]], [[128.0, 1600.0, 100.77758791408911], [566.3999480207327, 1673.6190881251778, 215.37419209401997]], [[128.0, 1600.0, 85.58898927774024], [587.7250896511232, 1243.4080093425744, 202.50132045945801]], [[416.0, 1184.0, 296.57592780342696], [920.8013012962481, 1125.5794257637442, 156.37965673140798]], [[288.0, 864.0, 72.18566896211954], [686.028339741906, 559.4292748972689, 8.157924713320757]], [[288.0, 864.0, 91.14807131028456], [743.5343348126682, 494.51055751647317, 216.05163499786153]], [[224.0, 608.0, 147.41455081557262], [715.4441633469967, 704.2365034061315, 338.674156615009]], [[416.0, 1184.0, 183.7957764099808], [913.4217840363365, 1424.8886425742355, 255.25909239664028]], [[224.0, 608.0, 358.6541748881932], [399.750245369465, 1005.7827556414039, 291.7474622946013]]]}